SQL> -- 1. WAQTD NAME OF THE EMPLOYEE ALONG WITH THE ANNUAL SALARY.
SQL> SELECT * FROM EMP;

     EMPNO ENAME      JOB              MGR HIREDATE         SAL       COMM      
---------- ---------- --------- ---------- --------- ---------- ----------      
    DEPTNO                                                                      
----------                                                                      
      7369 SMITH      CLERK           7902 17-DEC-80        800                 
        20                                                                      
                                                                                
      7499 ALLEN      SALESMAN        7698 20-FEB-81       1600        300      
        30                                                                      
                                                                                
      7521 WARD       SALESMAN        7698 22-FEB-81       1250        500      
        30                                                                      
                                                                                

     EMPNO ENAME      JOB              MGR HIREDATE         SAL       COMM      
---------- ---------- --------- ---------- --------- ---------- ----------      
    DEPTNO                                                                      
----------                                                                      
      7566 JONES      MANAGER         7839 02-APR-81       2975                 
        20                                                                      
                                                                                
      7654 MARTIN     SALESMAN        7698 28-SEP-81       1250       1400      
        30                                                                      
                                                                                
      7698 BLAKE      MANAGER         7839 01-MAY-81       2850                 
        30                                                                      
                                                                                

     EMPNO ENAME      JOB              MGR HIREDATE         SAL       COMM      
---------- ---------- --------- ---------- --------- ---------- ----------      
    DEPTNO                                                                      
----------                                                                      
      7782 CLARK      MANAGER         7839 09-JUN-81       2450                 
        10                                                                      
                                                                                
      7788 SCOTT      ANALYST         7566 19-APR-87       3000                 
        20                                                                      
                                                                                
      7839 KING       PRESIDENT            17-NOV-81       5000                 
        10                                                                      
                                                                                

     EMPNO ENAME      JOB              MGR HIREDATE         SAL       COMM      
---------- ---------- --------- ---------- --------- ---------- ----------      
    DEPTNO                                                                      
----------                                                                      
      7844 TURNER     SALESMAN        7698 08-SEP-81       1500          0      
        30                                                                      
                                                                                
      7876 ADAMS      CLERK           7788 23-MAY-87       1100                 
        20                                                                      
                                                                                
      7900 JAMES      CLERK           7698 03-DEC-81        950                 
        30                                                                      
                                                                                

     EMPNO ENAME      JOB              MGR HIREDATE         SAL       COMM      
---------- ---------- --------- ---------- --------- ---------- ----------      
    DEPTNO                                                                      
----------                                                                      
      7902 FORD       ANALYST         7566 03-DEC-81       3000                 
        20                                                                      
                                                                                
      7934 MILLER     CLERK           7782 23-JAN-82       1300                 
        10                                                                      
                                                                                

14 rows selected.

SQL> SET LINES 100 PAGES 100;
SQL> /

     EMPNO ENAME      JOB              MGR HIREDATE         SAL       COMM     DEPTNO               
---------- ---------- --------- ---------- --------- ---------- ---------- ----------               
      7369 SMITH      CLERK           7902 17-DEC-80        800                    20               
      7499 ALLEN      SALESMAN        7698 20-FEB-81       1600        300         30               
      7521 WARD       SALESMAN        7698 22-FEB-81       1250        500         30               
      7566 JONES      MANAGER         7839 02-APR-81       2975                    20               
      7654 MARTIN     SALESMAN        7698 28-SEP-81       1250       1400         30               
      7698 BLAKE      MANAGER         7839 01-MAY-81       2850                    30               
      7782 CLARK      MANAGER         7839 09-JUN-81       2450                    10               
      7788 SCOTT      ANALYST         7566 19-APR-87       3000                    20               
      7839 KING       PRESIDENT            17-NOV-81       5000                    10               
      7844 TURNER     SALESMAN        7698 08-SEP-81       1500          0         30               
      7876 ADAMS      CLERK           7788 23-MAY-87       1100                    20               
      7900 JAMES      CLERK           7698 03-DEC-81        950                    30               
      7902 FORD       ANALYST         7566 03-DEC-81       3000                    20               
      7934 MILLER     CLERK           7782 23-JAN-82       1300                    10               

14 rows selected.

SQL> -- WAQTD NAME OF THE EMPLOYEE ALONG WITH THEIR ANNUAL SALARY.
SQL> SELECT ENAME,SAL*12 "Annual Salary"
  2  From EMP;

ENAME      Annual Salary                                                                            
---------- -------------                                                                            
SMITH               9600                                                                            
ALLEN              19200                                                                            
WARD               15000                                                                            
JONES              35700                                                                            
MARTIN             15000                                                                            
BLAKE              34200                                                                            
CLARK              29400                                                                            
SCOTT              36000                                                                            
KING               60000                                                                            
TURNER             18000                                                                            
ADAMS              13200                                                                            
JAMES              11400                                                                            
FORD               36000                                                                            
MILLER             15600                                                                            

14 rows selected.

SQL> -- 2. WAQTD ENAME AND JOB FOR ALL THE EMPLOYEES WITH THEIR HALF TERM SALARY.
SQL> SELECT ENAME,JOB,SAL*6 "Half term salary"
  2  from emp;

ENAME      JOB       Half term salary                                                               
---------- --------- ----------------                                                               
SMITH      CLERK                 4800                                                               
ALLEN      SALESMAN              9600                                                               
WARD       SALESMAN              7500                                                               
JONES      MANAGER              17850                                                               
MARTIN     SALESMAN              7500                                                               
BLAKE      MANAGER              17100                                                               
CLARK      MANAGER              14700                                                               
SCOTT      ANALYST              18000                                                               
KING       PRESIDENT            30000                                                               
TURNER     SALESMAN              9000                                                               
ADAMS      CLERK                 6600                                                               
JAMES      CLERK                 5700                                                               
FORD       ANALYST              18000                                                               
MILLER     CLERK                 7800                                                               

14 rows selected.

SQL> -- 3. WAQTD ALL THE DETAILS OF THE EMPLOYEES ALONG WITH ANNUAL BONUS OF 2000.
SQL> SELECT EMP.*
  2  ;

*
ERROR at line 2:
ORA-00923: FROM keyword not found where expected 


SQL> --3. WAQTD ALL THE DETAILS OF THE EMPLOYEES ALONG WITH THE ANNUAL BONUS OF 2000.
SQL> SELECT EMP.*,SAL*12 "ANNUAL SALARY",SAL*12+2000 "ANNUAL SALARY WITH BONUS 2000"
  2  FROM EMP;

     EMPNO ENAME      JOB              MGR HIREDATE         SAL       COMM     DEPTNO ANNUAL SALARY 
---------- ---------- --------- ---------- --------- ---------- ---------- ---------- ------------- 
ANNUAL SALARY WITH BONUS 2000                                                                       
-----------------------------                                                                       
      7369 SMITH      CLERK           7902 17-DEC-80        800                    20          9600 
                        11600                                                                       
                                                                                                    
      7499 ALLEN      SALESMAN        7698 20-FEB-81       1600        300         30         19200 
                        21200                                                                       
                                                                                                    
      7521 WARD       SALESMAN        7698 22-FEB-81       1250        500         30         15000 
                        17000                                                                       
                                                                                                    
      7566 JONES      MANAGER         7839 02-APR-81       2975                    20         35700 
                        37700                                                                       
                                                                                                    
      7654 MARTIN     SALESMAN        7698 28-SEP-81       1250       1400         30         15000 
                        17000                                                                       
                                                                                                    
      7698 BLAKE      MANAGER         7839 01-MAY-81       2850                    30         34200 
                        36200                                                                       
                                                                                                    
      7782 CLARK      MANAGER         7839 09-JUN-81       2450                    10         29400 
                        31400                                                                       
                                                                                                    
      7788 SCOTT      ANALYST         7566 19-APR-87       3000                    20         36000 
                        38000                                                                       
                                                                                                    
      7839 KING       PRESIDENT            17-NOV-81       5000                    10         60000 
                        62000                                                                       
                                                                                                    
      7844 TURNER     SALESMAN        7698 08-SEP-81       1500          0         30         18000 
                        20000                                                                       
                                                                                                    
      7876 ADAMS      CLERK           7788 23-MAY-87       1100                    20         13200 
                        15200                                                                       
                                                                                                    
      7900 JAMES      CLERK           7698 03-DEC-81        950                    30         11400 
                        13400                                                                       
                                                                                                    
      7902 FORD       ANALYST         7566 03-DEC-81       3000                    20         36000 
                        38000                                                                       
                                                                                                    
      7934 MILLER     CLERK           7782 23-JAN-82       1300                    10         15600 
                        17600                                                                       
                                                                                                    

14 rows selected.

SQL> SET LINES 100 PAGES 100;
SQL> /

     EMPNO ENAME      JOB              MGR HIREDATE         SAL       COMM     DEPTNO ANNUAL SALARY 
---------- ---------- --------- ---------- --------- ---------- ---------- ---------- ------------- 
ANNUAL SALARY WITH BONUS 2000                                                                       
-----------------------------                                                                       
      7369 SMITH      CLERK           7902 17-DEC-80        800                    20          9600 
                        11600                                                                       
                                                                                                    
      7499 ALLEN      SALESMAN        7698 20-FEB-81       1600        300         30         19200 
                        21200                                                                       
                                                                                                    
      7521 WARD       SALESMAN        7698 22-FEB-81       1250        500         30         15000 
                        17000                                                                       
                                                                                                    
      7566 JONES      MANAGER         7839 02-APR-81       2975                    20         35700 
                        37700                                                                       
                                                                                                    
      7654 MARTIN     SALESMAN        7698 28-SEP-81       1250       1400         30         15000 
                        17000                                                                       
                                                                                                    
      7698 BLAKE      MANAGER         7839 01-MAY-81       2850                    30         34200 
                        36200                                                                       
                                                                                                    
      7782 CLARK      MANAGER         7839 09-JUN-81       2450                    10         29400 
                        31400                                                                       
                                                                                                    
      7788 SCOTT      ANALYST         7566 19-APR-87       3000                    20         36000 
                        38000                                                                       
                                                                                                    
      7839 KING       PRESIDENT            17-NOV-81       5000                    10         60000 
                        62000                                                                       
                                                                                                    
      7844 TURNER     SALESMAN        7698 08-SEP-81       1500          0         30         18000 
                        20000                                                                       
                                                                                                    
      7876 ADAMS      CLERK           7788 23-MAY-87       1100                    20         13200 
                        15200                                                                       
                                                                                                    
      7900 JAMES      CLERK           7698 03-DEC-81        950                    30         11400 
                        13400                                                                       
                                                                                                    
      7902 FORD       ANALYST         7566 03-DEC-81       3000                    20         36000 
                        38000                                                                       
                                                                                                    
      7934 MILLER     CLERK           7782 23-JAN-82       1300                    10         15600 
                        17600                                                                       
                                                                                                    

14 rows selected.

SQL> SET LINES 200 PAGES 200;
SQL> /

     EMPNO ENAME      JOB              MGR HIREDATE         SAL       COMM     DEPTNO ANNUAL SALARY ANNUAL SALARY WITH BONUS 2000                                                                       
---------- ---------- --------- ---------- --------- ---------- ---------- ---------- ------------- -----------------------------                                                                       
      7369 SMITH      CLERK           7902 17-DEC-80        800                    20          9600                         11600                                                                       
      7499 ALLEN      SALESMAN        7698 20-FEB-81       1600        300         30         19200                         21200                                                                       
      7521 WARD       SALESMAN        7698 22-FEB-81       1250        500         30         15000                         17000                                                                       
      7566 JONES      MANAGER         7839 02-APR-81       2975                    20         35700                         37700                                                                       
      7654 MARTIN     SALESMAN        7698 28-SEP-81       1250       1400         30         15000                         17000                                                                       
      7698 BLAKE      MANAGER         7839 01-MAY-81       2850                    30         34200                         36200                                                                       
      7782 CLARK      MANAGER         7839 09-JUN-81       2450                    10         29400                         31400                                                                       
      7788 SCOTT      ANALYST         7566 19-APR-87       3000                    20         36000                         38000                                                                       
      7839 KING       PRESIDENT            17-NOV-81       5000                    10         60000                         62000                                                                       
      7844 TURNER     SALESMAN        7698 08-SEP-81       1500          0         30         18000                         20000                                                                       
      7876 ADAMS      CLERK           7788 23-MAY-87       1100                    20         13200                         15200                                                                       
      7900 JAMES      CLERK           7698 03-DEC-81        950                    30         11400                         13400                                                                       
      7902 FORD       ANALYST         7566 03-DEC-81       3000                    20         36000                         38000                                                                       
      7934 MILLER     CLERK           7782 23-JAN-82       1300                    10         15600                         17600                                                                       

14 rows selected.

SQL> ed;
Wrote file afiedt.buf

  1  SELECT EMP.*,SAL*12 "ANNUAL SALARY",SAL*12+2000 "ANNUAL_SAL+2000(bonus)"
  2* FROM EMP;
SQL> /
FROM EMP;
        *
ERROR at line 2:
ORA-00911: invalid character 


SQL> ed;
Wrote file afiedt.buf

  1  SELECT EMP.*,SAL*12 "ANNUAL SALARY",SAL*12+2000 "ANNUAL_SAL+_2000(bonus)"
  2* FROM EMP;
  3  \
  4  /
FROM EMP;
        *
ERROR at line 2:
ORA-00911: invalid character 


SQL> --WAQTD NAME,SALARY AND SALARY WITH A HIKE OF 10%.
SQL> -- 4
SQL> SELECT ENAME,SAL,SAL+(SAL*10/100)
  2  FROM EMP;

ENAME             SAL SAL+(SAL*10/100)                                                                                                                                                                  
---------- ---------- ----------------                                                                                                                                                                  
SMITH             800              880                                                                                                                                                                  
ALLEN            1600             1760                                                                                                                                                                  
WARD             1250             1375                                                                                                                                                                  
JONES            2975           3272.5                                                                                                                                                                  
MARTIN           1250             1375                                                                                                                                                                  
BLAKE            2850             3135                                                                                                                                                                  
CLARK            2450             2695                                                                                                                                                                  
SCOTT            3000             3300                                                                                                                                                                  
KING             5000             5500                                                                                                                                                                  
TURNER           1500             1650                                                                                                                                                                  
ADAMS            1100             1210                                                                                                                                                                  
JAMES             950             1045                                                                                                                                                                  
FORD             3000             3300                                                                                                                                                                  
MILLER           1300             1430                                                                                                                                                                  

14 rows selected.

SQL> -- 5 WAQTD NAME AND SALARY WITH DEDUCTION OF 25%
SQL> SELECT ENAME,SAL-(SAL*25/100) "DEDUCTED SALARY WITH 25%"
  2  FROM EMP;

ENAME      DEDUCTED SALARY WITH 25%                                                                                                                                                                     
---------- ------------------------                                                                                                                                                                     
SMITH                           600                                                                                                                                                                     
ALLEN                          1200                                                                                                                                                                     
WARD                          937.5                                                                                                                                                                     
JONES                       2231.25                                                                                                                                                                     
MARTIN                        937.5                                                                                                                                                                     
BLAKE                        2137.5                                                                                                                                                                     
CLARK                        1837.5                                                                                                                                                                     
SCOTT                          2250                                                                                                                                                                     
KING                           3750                                                                                                                                                                     
TURNER                         1125                                                                                                                                                                     
ADAMS                           825                                                                                                                                                                     
JAMES                         712.5                                                                                                                                                                     
FORD                           2250                                                                                                                                                                     
MILLER                          975                                                                                                                                                                     

14 rows selected.

SQL> -- 6. WAQTD NAME AND SALARY WITH MONTHLY HIKE OF 50.
SQL> SELECT ENAME,SAL+50
  2  FROM EMP;

ENAME          SAL+50                                                                                                                                                                                   
---------- ----------                                                                                                                                                                                   
SMITH             850                                                                                                                                                                                   
ALLEN            1650                                                                                                                                                                                   
WARD             1300                                                                                                                                                                                   
JONES            3025                                                                                                                                                                                   
MARTIN           1300                                                                                                                                                                                   
BLAKE            2900                                                                                                                                                                                   
CLARK            2500                                                                                                                                                                                   
SCOTT            3050                                                                                                                                                                                   
KING             5050                                                                                                                                                                                   
TURNER           1550                                                                                                                                                                                   
ADAMS            1150                                                                                                                                                                                   
JAMES            1000                                                                                                                                                                                   
FORD             3050                                                                                                                                                                                   
MILLER           1350                                                                                                                                                                                   

14 rows selected.

SQL> -- ALTERNATE
SQL> SELECR ENAME,SAL+50 "
SP2-0734: unknown command beginning "SELECR ENA..." - rest of line ignored.
SQL> SELECT ENAME,SAL+50 "MONTHLY HIKE OF 50"
  2  FROM EMP;

ENAME      MONTHLY HIKE OF 50                                                                                                                                                                           
---------- ------------------                                                                                                                                                                           
SMITH                     850                                                                                                                                                                           
ALLEN                    1650                                                                                                                                                                           
WARD                     1300                                                                                                                                                                           
JONES                    3025                                                                                                                                                                           
MARTIN                   1300                                                                                                                                                                           
BLAKE                    2900                                                                                                                                                                           
CLARK                    2500                                                                                                                                                                           
SCOTT                    3050                                                                                                                                                                           
KING                     5050                                                                                                                                                                           
TURNER                   1550                                                                                                                                                                           
ADAMS                    1150                                                                                                                                                                           
JAMES                    1000                                                                                                                                                                           
FORD                     3050                                                                                                                                                                           
MILLER                   1350                                                                                                                                                                           

14 rows selected.

SQL> -- 6
SQL> -- 7 WAQTD NAME AND ANNUAL SALARY WITH DEDUCTION OF 10%
SQL> SELECT ENAME,SAL*12-(SAL+(SAL*10/100))
  2  FROM EMP;

ENAME      SAL*12-(SAL+(SAL*10/100))                                                                                                                                                                    
---------- -------------------------                                                                                                                                                                    
SMITH                           8720                                                                                                                                                                    
ALLEN                          17440                                                                                                                                                                    
WARD                           13625                                                                                                                                                                    
JONES                        32427.5                                                                                                                                                                    
MARTIN                         13625                                                                                                                                                                    
BLAKE                          31065                                                                                                                                                                    
CLARK                          26705                                                                                                                                                                    
SCOTT                          32700                                                                                                                                                                    
KING                           54500                                                                                                                                                                    
TURNER                         16350                                                                                                                                                                    
ADAMS                          11990                                                                                                                                                                    
JAMES                          10355                                                                                                                                                                    
FORD                           32700                                                                                                                                                                    
MILLER                         14170                                                                                                                                                                    

14 rows selected.

SQL> -- ALTERNATE TO BE CHECKED.
SQL> 
SQL> SELECT ENAME,SAL*12-(SAL+(SAL*10/100)) "DEDUCTION OF ANNUAL SAL BY 10%"
  2  FROM EMP;

ENAME      DEDUCTION OF ANNUAL SAL BY 10%                                                                                                                                                               
---------- ------------------------------                                                                                                                                                               
SMITH                                8720                                                                                                                                                               
ALLEN                               17440                                                                                                                                                               
WARD                                13625                                                                                                                                                               
JONES                             32427.5                                                                                                                                                               
MARTIN                              13625                                                                                                                                                               
BLAKE                               31065                                                                                                                                                               
CLARK                               26705                                                                                                                                                               
SCOTT                               32700                                                                                                                                                               
KING                                54500                                                                                                                                                               
TURNER                              16350                                                                                                                                                               
ADAMS                               11990                                                                                                                                                               
JAMES                               10355                                                                                                                                                               
FORD                                32700                                                                                                                                                               
MILLER                              14170                                                                                                                                                               

14 rows selected.

SQL> -- WAQTD TOTAL SALARY GIVEN TO EACH EMPLOYEE SAL+COMM.
SQL> SELECT SAL,COMM,SAL+COMM "Total Salary"
  2  from emp;

       SAL       COMM Total Salary                                                                                                                                                                      
---------- ---------- ------------                                                                                                                                                                      
       800                                                                                                                                                                                              
      1600        300         1900                                                                                                                                                                      
      1250        500         1750                                                                                                                                                                      
      2975                                                                                                                                                                                              
      1250       1400         2650                                                                                                                                                                      
      2850                                                                                                                                                                                              
      2450                                                                                                                                                                                              
      3000                                                                                                                                                                                              
      5000                                                                                                                                                                                              
      1500          0         1500                                                                                                                                                                      
      1100                                                                                                                                                                                              
       950                                                                                                                                                                                              
      3000                                                                                                                                                                                              
      1300                                                                                                                                                                                              

14 rows selected.

SQL> -- select sal+comm
SQL> ;
  1  SELECT SAL,COMM,SAL+COMM "Total Salary"
  2* from emp
SQL> select sal+comm "total salary"
  2  from emp;

total salary                                                                                                                                                                                            
------------                                                                                                                                                                                            
                                                                                                                                                                                                        
        1900                                                                                                                                                                                            
        1750                                                                                                                                                                                            
                                                                                                                                                                                                        
        2650                                                                                                                                                                                            
                                                                                                                                                                                                        
                                                                                                                                                                                                        
                                                                                                                                                                                                        
                                                                                                                                                                                                        
        1500                                                                                                                                                                                            
                                                                                                                                                                                                        
                                                                                                                                                                                                        
                                                                                                                                                                                                        
                                                                                                                                                                                                        

14 rows selected.

SQL> -- 9. waqtd details of all employees along with annual salary.
SQL> select emp.*
  2  ,sal*12 "annual salary"
  3  from emp;

     EMPNO ENAME      JOB              MGR HIREDATE         SAL       COMM     DEPTNO annual salary                                                                                                     
---------- ---------- --------- ---------- --------- ---------- ---------- ---------- -------------                                                                                                     
      7369 SMITH      CLERK           7902 17-DEC-80        800                    20          9600                                                                                                     
      7499 ALLEN      SALESMAN        7698 20-FEB-81       1600        300         30         19200                                                                                                     
      7521 WARD       SALESMAN        7698 22-FEB-81       1250        500         30         15000                                                                                                     
      7566 JONES      MANAGER         7839 02-APR-81       2975                    20         35700                                                                                                     
      7654 MARTIN     SALESMAN        7698 28-SEP-81       1250       1400         30         15000                                                                                                     
      7698 BLAKE      MANAGER         7839 01-MAY-81       2850                    30         34200                                                                                                     
      7782 CLARK      MANAGER         7839 09-JUN-81       2450                    10         29400                                                                                                     
      7788 SCOTT      ANALYST         7566 19-APR-87       3000                    20         36000                                                                                                     
      7839 KING       PRESIDENT            17-NOV-81       5000                    10         60000                                                                                                     
      7844 TURNER     SALESMAN        7698 08-SEP-81       1500          0         30         18000                                                                                                     
      7876 ADAMS      CLERK           7788 23-MAY-87       1100                    20         13200                                                                                                     
      7900 JAMES      CLERK           7698 03-DEC-81        950                    30         11400                                                                                                     
      7902 FORD       ANALYST         7566 03-DEC-81       3000                    20         36000                                                                                                     
      7934 MILLER     CLERK           7782 23-JAN-82       1300                    10         15600                                                                                                     

14 rows selected.

SQL> -- 10. waqtd name and designation along with penalty of 100 in total salary.
SQL> select ename,job,(sal+comm)-100 "Total Salary - rs.100(penalty)"
  2  from emp;

ENAME      JOB       Total Salary - rs.100(penalty)                                                                                                                                                     
---------- --------- ------------------------------                                                                                                                                                     
SMITH      CLERK                                                                                                                                                                                        
ALLEN      SALESMAN                            1800                                                                                                                                                     
WARD       SALESMAN                            1650                                                                                                                                                     
JONES      MANAGER                                                                                                                                                                                      
MARTIN     SALESMAN                            2550                                                                                                                                                     
BLAKE      MANAGER                                                                                                                                                                                      
CLARK      MANAGER                                                                                                                                                                                      
SCOTT      ANALYST                                                                                                                                                                                      
KING       PRESIDENT                                                                                                                                                                                    
TURNER     SALESMAN                            1400                                                                                                                                                     
ADAMS      CLERK                                                                                                                                                                                        
JAMES      CLERK                                                                                                                                                                                        
FORD       ANALYST                                                                                                                                                                                      
MILLER     CLERK                                                                                                                                                                                        

14 rows selected.

SQL> -- correct solution
SQL> select ename,job,sal,(sal-100) "Total Salary"
  2  from emp;

ENAME      JOB              SAL Total Salary                                                                                                                                                            
---------- --------- ---------- ------------                                                                                                                                                            
SMITH      CLERK            800          700                                                                                                                                                            
ALLEN      SALESMAN        1600         1500                                                                                                                                                            
WARD       SALESMAN        1250         1150                                                                                                                                                            
JONES      MANAGER         2975         2875                                                                                                                                                            
MARTIN     SALESMAN        1250         1150                                                                                                                                                            
BLAKE      MANAGER         2850         2750                                                                                                                                                            
CLARK      MANAGER         2450         2350                                                                                                                                                            
SCOTT      ANALYST         3000         2900                                                                                                                                                            
KING       PRESIDENT       5000         4900                                                                                                                                                            
TURNER     SALESMAN        1500         1400                                                                                                                                                            
ADAMS      CLERK           1100         1000                                                                                                                                                            
JAMES      CLERK            950          850                                                                                                                                                            
FORD       ANALYST         3000         2900                                                                                                                                                            
MILLER     CLERK           1300         1200                                                                                                                                                            

14 rows selected.

SQL> spool off;
