SQL> /*
SQL> ASSIGNMENT ON ALL & ANY
SQL> ----------------------------------------------
SQL> 41.WAQTD NAME OF THE EMPLOYEES EARNING SALARY MORE THAN THE SALESMAN
SQL> 42.WAQTD DETAILS OF THE EMPLOYEES HIRED AFTER ALL THE CLERKS
SQL> 43.WAQTD NAME AND SALARY FOR ALL THE EMPLOYEES IF THEY ARE EARNING LESS THAN ATLEST A MANAGER
SQL> 44.WAQTD NAME AND HIREDATE OF EMPLOYEES HIRED BEFORE ALL THE MANAGERS
SQL> 45.WAQTD NAMES OF THE EMPLOYEES HIRED AFTER ALL THE MANAGERS AND EARNING SALARY MORE THAN ALL
SQL> THE CLERKS
SQL> 46.WAQTD DETAILS OF THE EMPLOYEES WORKING AS CLERK AND HIRED BEFORE ATLEST A SALESMAN
SQL> 47.WAQTD DETAILS OF EMPLOYEES WORKING IN ACCOUNTING OR SALES DEPT
SQL> 48.WAQTD DEPARTMENT NAMES OF THE EMPOYEES WITH NAME SMITH , KING AND MILLER
SQL> 49.WAQTD DETAILS OF EMPLOYEES WORKING NEWYORK OR CHICAGO
SQL> 50.WAQTD EMP NAMES IF EMPLOYEES ARE HIRED AFTER ALL THE EMPLOYEES OF DEPT 10
SQL> */
SQL> 
SQL> --41
SQL> SELECT ENAME
  2  FROM EMP
  3  WHERE SAL > ALL (SELECT SAL FROM EMP WHERE JOB = 'SALESMAN');

ENAME                                                                                                                                                                                                   
----------                                                                                                                                                                                              
JONES                                                                                                                                                                                                   
BLAKE                                                                                                                                                                                                   
CLARK                                                                                                                                                                                                   
SCOTT                                                                                                                                                                                                   
KING                                                                                                                                                                                                    
FORD                                                                                                                                                                                                    

6 rows selected.

SQL> --42
SQL> SELECT *
  2  FROM EMP
  3  WHERE HIREDATE > ALL (SELECT HIREDATE FROM EMP WHERE JOB = 'CLERK');

no rows selected

SQL> --43
SQL> SELECT ENAME, SAL
  2  FROM EMP
  3  WHERE SAL < ANY (SELECT SAL FROM EMP WHERE JOB = 'MANAGER');

ENAME             SAL                                                                                                                                                                                   
---------- ----------                                                                                                                                                                                   
SMITH             800                                                                                                                                                                                   
JAMES             950                                                                                                                                                                                   
ADAMS            1100                                                                                                                                                                                   
WARD             1250                                                                                                                                                                                   
MARTIN           1250                                                                                                                                                                                   
MILLER           1300                                                                                                                                                                                   
TURNER           1500                                                                                                                                                                                   
ALLEN            1600                                                                                                                                                                                   
CLARK            2450                                                                                                                                                                                   
BLAKE            2850                                                                                                                                                                                   

10 rows selected.

SQL> --44
SQL> SELECT ENAME, HIREDATE
  2  FROM EMP
  3  WHERE HIREDATE < ALL (SELECT HIREDATE FROM EMP WHERE JOB = 'MANAGER');

ENAME      HIREDATE                                                                                                                                                                                     
---------- ---------                                                                                                                                                                                    
SMITH      17-DEC-80                                                                                                                                                                                    
ALLEN      20-FEB-81                                                                                                                                                                                    
WARD       22-FEB-81                                                                                                                                                                                    

SQL> --45
SQL> SELECT ENAME
  2  FROM EMP
  3  WHERE HIREDATE > ALL (SELECT HIREDATE FROM EMP WHERE JOB = 'MANAGER')
  4  AND SAL > ALL (SELECT SAL FROM EMP WHERE JOB = 'CLERK');

ENAME                                                                                                                                                                                                   
----------                                                                                                                                                                                              
SCOTT                                                                                                                                                                                                   
KING                                                                                                                                                                                                    
TURNER                                                                                                                                                                                                  
FORD                                                                                                                                                                                                    

SQL> --46
SQL> SELECT *
  2  FROM EMP
  3  WHERE JOB = 'CLERK'
  4  AND HIREDATE < ANY (SELECT HIREDATE FROM EMP WHERE JOB = 'SALESMAN');

     EMPNO ENAME      JOB              MGR HIREDATE         SAL       COMM     DEPTNO                                                                                                                   
---------- ---------- --------- ---------- --------- ---------- ---------- ----------                                                                                                                   
      7369 SMITH      CLERK           7902 17-DEC-80        800                    20                                                                                                                   

SQL> --47
SQL> SELECT *
  2  FROM EMP
  3  WHERE DEPTNO IN (SELECT DEPTNO FROM DEPT WHERE DNAME IN ('ACCOUNTING', 'SALES'));

     EMPNO ENAME      JOB              MGR HIREDATE         SAL       COMM     DEPTNO                                                                                                                   
---------- ---------- --------- ---------- --------- ---------- ---------- ----------                                                                                                                   
      7499 ALLEN      SALESMAN        7698 20-FEB-81       1600        300         30                                                                                                                   
      7521 WARD       SALESMAN        7698 22-FEB-81       1250        500         30                                                                                                                   
      7654 MARTIN     SALESMAN        7698 28-SEP-81       1250       1400         30                                                                                                                   
      7698 BLAKE      MANAGER         7839 01-MAY-81       2850                    30                                                                                                                   
      7782 CLARK      MANAGER         7839 09-JUN-81       2450                    10                                                                                                                   
      7839 KING       PRESIDENT            17-NOV-81       5000                    10                                                                                                                   
      7844 TURNER     SALESMAN        7698 08-SEP-81       1500          0         30                                                                                                                   
      7900 JAMES      CLERK           7698 03-DEC-81        950                    30                                                                                                                   
      7934 MILLER     CLERK           7782 23-JAN-82       1300                    10                                                                                                                   

9 rows selected.

SQL> --48
SQL> SELECT DISTINCT DNAME
  2  FROM DEPT
  3  WHERE DEPTNO IN (SELECT DEPTNO FROM EMP WHERE ENAME IN ('SMITH', 'KING', 'MILLER'));

DNAME                                                                                                                                                                                                   
--------------                                                                                                                                                                                          
ACCOUNTING                                                                                                                                                                                              
RESEARCH                                                                                                                                                                                                

SQL> --49
SQL> SELECT *
  2  FROM EMP
  3  WHERE DEPTNO IN (SELECT DEPTNO FROM DEPT WHERE LOC IN ('NEW YORK', 'CHICAGO'));

     EMPNO ENAME      JOB              MGR HIREDATE         SAL       COMM     DEPTNO                                                                                                                   
---------- ---------- --------- ---------- --------- ---------- ---------- ----------                                                                                                                   
      7499 ALLEN      SALESMAN        7698 20-FEB-81       1600        300         30                                                                                                                   
      7521 WARD       SALESMAN        7698 22-FEB-81       1250        500         30                                                                                                                   
      7654 MARTIN     SALESMAN        7698 28-SEP-81       1250       1400         30                                                                                                                   
      7698 BLAKE      MANAGER         7839 01-MAY-81       2850                    30                                                                                                                   
      7782 CLARK      MANAGER         7839 09-JUN-81       2450                    10                                                                                                                   
      7839 KING       PRESIDENT            17-NOV-81       5000                    10                                                                                                                   
      7844 TURNER     SALESMAN        7698 08-SEP-81       1500          0         30                                                                                                                   
      7900 JAMES      CLERK           7698 03-DEC-81        950                    30                                                                                                                   
      7934 MILLER     CLERK           7782 23-JAN-82       1300                    10                                                                                                                   

9 rows selected.

SQL> --50
SQL> SELECT ENAME
  2  FROM EMP
  3  WHERE HIREDATE > ALL (SELECT HIREDATE FROM EMP WHERE DEPTNO = 10);

ENAME                                                                                                                                                                                                   
----------                                                                                                                                                                                              
SCOTT                                                                                                                                                                                                   
ADAMS                                                                                                                                                                                                   

SQL> SPOOL OFF;
